Id_Compte,Email,Nom,Prenom,Password,Id_Status,Id_Pilote
1,admin@web4all.fr,Admin,Suprême,hashpwd1,1,
2,pilote1@web4all.fr,PiloteInfoA1,Mathis,hashpwd2,2,
3,pilote2@web4all.fr,PiloteInfoA2,Florent,hashpwd2,2,
4,pilote3@web4all.fr,PiloteInfoA3,Jean-Charles,hashpwd2,2,
5,pilote4@web4all.fr,PiloteInfoA4,Alexandre,hashpwd2,2,
6,pilote5@web4all.fr,PiloteInfoA5,Jocelyn,hashpwd2,2,
7,mdupont@web4all.fr,Dupont,Marie,hashpwd3,3,2
8,jmatrineau@web4all.fr,Martineau,Jean,hashpwd3,3,3
9,pdurand@web4all.fr,Durand,Pierre,hashpwd3,3,5
10,sdubois@web4all.fr,Dubois,Sophie,hashpwd3,3,4
11,amoreau@web4all.fr,Moreau,Antoine,hashpwd3,3,6
12,epayet@web4all.fr,Payet,Émilie,hashpwd3,3,4
13,lmoreau@web4all.fr,Moreau,Lucas,hashpwd3,3,5
14,cmortimet@web4all.fr,Mortimet,Chloé,hashpwd3,3,5
15,mthomas@web4all.fr,Thomas,Maxime,hashpwd3,3,5
16,jroux@web4all.fr,Roux,Julie,hashpwd3,3,2
17,afournier@web4all.fr,Fournier,Alex,hashpwd3,3,6
18,cgirard@web4all.fr,Girard,Camille,hashpwd3,3,3
19,mandre@web4all.fr,André,Mira,hashpwd3,3,4
20,mbenoit@web4all.fr,Benoit,Manon,hashpwd3,3,2
21,vbonneau@web4all.fr,Bonneau,Victor,hashpwd3,3,5
22,ldumas@web4all.fr,Dumas,Léa,hashpwd3,3,2
23,prousseau@web4all.fr,Rousseau,Paul,hashpwd3,3,4
24,egarnier@web4all.fr,Garnier,Emma,hashpwd3,3,5
25,nfaure@web4all.fr,Faure,Nicolas,hashpwd3,3,2
26,aguillot@web4all.fr,Guillot,Alice,hashpwd3,3,6
27,jlefevre@web4all.fr,Lefèvre,Julien,hashpwd3,3,5
28,imorel@web4all.fr,Morel,Inès,hashpwd3,3,4
29,lbailly@web4all.fr,Bailly,Laurent,hashpwd3,3,5
30,mgauthier@web4all.fr,Gauthier,Mélissa,hashpwd3,3,3
31,mbouvier@web4all.fr,Bouvier,Mathieu,hashpwd3,3,3
32,lmeunier@web4all.fr,Meunier,Louise,hashpwd3,3,2
33,ahamon@web4all.fr,Hamon,Axel,hashpwd3,3,6
34,croux@web4all.fr,Roux,Clara,hashpwd3,3,2
35,imonnier@web4all.fr,Monnier,Isabelle,hashpwd3,3,3
36,lpasquier@web4all.fr,Pasquier,Landry,hashpwd3,3,6
